{
  "brazylia": {
    "brazylia": "for",
    "brazylia, fortaleza (for)": "for",
    "for": "for",
    "fortaleza": "for"
  },
  "dominikana": {
    "dominikana": "dominikana",
    "dominikana, punta cana (puj)": "dominikana",
    "punta cana": "dominikana"
  },
  "egiot, hurghadae": "egipt, hurghada",
  "egipot, hurghada": "egipt, hurghada",
  "egipt": "egipt",
  "egipt hurghada": "egipt, hurghada",
  "egipt, el gouna": "egipt, hurghada",
  "egipt, hu": "egipt, hurghada",
  "egipt, hurgh": "egipt, hurghada",
  "egipt, hurgha": "egipt, hurghada",
  "egipt, hurghada": "egipt, hurghada",
  "egipt, hurghada (hrg)": "egipt, hurghada",
  "egipt, marsa alam": "egipt marsa alam",
  "egipt, marsa alam (rmf)": "egipt marsa alam",
  "egipt, sharm el sheik (ssh)": "egipt sharm el sheik",
  "egipt, soma bay": "egipt soma bay",
  "egipt,hurghada": "egipt, hurghada",
  "egpt, hurghada": "egipt, hurghada",
  "eguot, hurghada": "egipt, hurghada",
  "egupt, hurghada": "egipt, hurghada",
  "egzotyka": {
    "filipiny": "egzotyka",
    "porlamar": "egzotyka",
    "rpa": "egzotyka",
    "sri lanka": "egzotyka",
    "tajlandia": "egzotyka",
    "wenezuela": "egzotyka",
    "wietnam": "egzotyka"
  },
  "eipt, hurghada": "egipt, hurghada",
  "ergo": "polisa",
  "gdansk": "przelot",
  "gracja, lemnos": "grecja, limnos",
  "grecja": "grecja",
  "grecja, korfu": "grecja korfu",
  "grecja, kos (kgs)": "grecja kos",
  "grecja, limnos": "grecja, limnos",
  "grecja, limnos (lxs)": "grecja, limnos",
  "grecja, prasonisi": "grecja rodos",
  "grecja, rhodes": "grecja, rodos",
  "grecja, rhodos (rho)": "grecja, rodos",
  "grecja, rod": "grecja rodos",
  "grecja, rodos": "grecja rodos",
  "grecja, zakynthos (zth)": "grecja zakynthos",
  "grecja,rodos": "grecja, rodos",
  "gwatemala, guatemala (gua)": "gwatemala guatemala gua",
  "hiszpania, alicante (alc)": "hiszpania alicante alc",
  "hiszpania, fuerteventura (fue)": "fuerteventura",
  "hiszpania, teneriffa (tfn)": "hiszpania teneriffa",
  "hurghada": "egipt, hurghada",
  "indie": "indie",
  "indonezja-bali": "indonezja bali",
  "japonia, tokio (nrt)": "japonia tokio nrt",
  "karaiby, bonaire": "karaiby bonaire",
  "kenia": "kenia",
  "kuba": "kuba",
  "kuba, cayo coco": "kuba",
  "kuba, ciego de avila (avi)": "kuba",
  "kurs 12x250 zł (12h)": "kurs x zl h",
  "lemnos": "grecja, limnos",
  "limnos": "grecja, limnos",
  "limnos, grecja": "limnos grecja",
  "maksyk": "maksyk",
  "malediwy": "malediwy",
  "maroko, agadir (aga)": "maroko agadir aga",
  "mauritius": "mauritius",
  "mauritius, mauritius (mru)": "mauritius",
  "meksyk": {
    "cancun": "meksyk",
    "meksyk": "meksyk",
    "meksyk, cancun (cun)": "meksyk"
  },
  "meksyk, cancun (cun)": "meksyk cancun cun",
  "nepal": "nepal",
  "niemcy, berlin (sxf)": "niemcy berlin sxf",
  "niemcy, berlin (thf)": "niemcy berlin thf",
  "polisa allianz kr": "polisa",
  "polska": "polska",
  "polska polisa uczniowie 30 os": "polisa",
  "polska, gdańsk (gdn)": "przelot",
  "polska, katowice (ktw)": "przelot",
  "polska, poznań (poz)": "przelot",
  "polska, warszawa (waw)": "przelot",
  "rodos": "rodos",
  "rodos, grecja": "rodos grecja",
  "rpa": "rpa",
  "rpa, cape town": "rpa cape town",
  "rpa,ct": "rpact",
  "saint vincent i grenadyny, sai (svd)": "saint vincent i grenadyny sai svd",
  "sal": {
    "cabo verde": "sal",
    "cape verde": "sal",
    "sal": "sal",
    "wyspy zielonego przyladka": "sal"
  },
  "soma bay": "soma bay",
  "sri lanka": "sri lanka",
  "sri lanka,": "sri lanka",
  "sri lanka, kalpitya": "sri lanka kalpitya",
  "teneryfa": "teneryfa",
  "tunezja": "tunezja",
  "tunezja, djerba (dje)": "tunezja djerba dje",
  "tunezja, enfidha": "tunezja enfidha",
  "tunezja, hammamet": "tunezja hammamet",
  "tunezja, hammanet": "tunezja hammanet",
  "tunezja, monastir (mir)": "tunezja monastir mir",
  "turcja": "turcja",
  "turcja, antalya (ayt)": "turcja",
  "turcja, bodrum (bjv)": "turcja",
  "usa": "usa",
  "usa, miami (mia)": "usa miami mia",
  "vocher": "nan",
  "wenezuela": "wenezuela",
  "wenezuela, porlamar (pmv)": "wenezuela",
  "wroclaw": "przelot",
  "wrocław": "przelot",
  "wypożyczenie sprzetu": "wypozyczenie sprzetu",
  "wyspy zielonego przylądka sal": "sal",
  "wyspy zielonego przyladka sal": "sal",
  "wyspy zielonego przylądka, sal": "sal",
  "wyspy_kanaryjskie": {
    "fuerteventura": "kanary",
    "hiszpania, fuerteventura (fue)": "kanary",
    "hiszpania, las palmas (lxs)": "kanary",
    "kanary": "kanary",
    "las palmas": "kanary",
    "wyspy kanaryjskie": "kanary"
  },
  "włochy": "wlochy",
  "świat": "swiat"
}